session_key,segment,label,local_start,utc_start,utc_end,stamp_ts,air_c,track_c,humidity_pct,wind_kmh,wind_dir_deg,rain,rain_frac,track_state,pure_weather,source
7768,0,,,2023-03-04T15:00:00+00:00,,,,,,,,,,,,timing
7775,0,,,2023-03-18T17:00:00+00:00,,,,,,,,,,,,timing
7783,0,,,2023-04-01T06:00:00+00:00,,,,,,,,,,,,timing
9064,0,,,2023-04-28T13:00:00+00:00,,,,,,,,,,,,timing
9278,0,,,2023-04-29T08:30:00+00:00,,,,,,,,,,,,timing
9074,0,,,2023-05-06T20:00:00+00:00,,,,,,,,,,,,timing
9090,0,,,2023-05-27T14:00:00+00:00,,,,,,,,,,,,timing
9098,0,,,2023-06-03T14:00:00+00:00,,,,,,,,,,,,timing
9106,0,,,2023-06-17T20:00:00+00:00,,,,,,,,,,,,timing
9112,0,,,2023-06-30T15:00:00+00:00,,,,,,,,,,,,timing
9282,0,,,2023-07-01T10:00:00+00:00,,,,,,,,,,,,timing
9122,0,,,2023-07-08T14:00:00+00:00,,,,,,,,,,,,timing
9129,0,,,2023-07-22T14:00:00+00:00,,,,,,,,,,,,timing
9135,0,,,2023-07-28T15:00:00+00:00,,,,,,,,,,,,timing
9286,0,,,2023-07-29T10:00:00+00:00,,,,,,,,,,,,timing
9145,0,,,2023-08-26T13:00:00+00:00,,,,,,,,,,,,timing
9153,0,,,2023-09-02T14:00:00+00:00,,,,,,,,,,,,timing
9161,0,,,2023-09-16T13:00:00+00:00,,,,,,,,,,,,timing
9169,0,,,2023-09-23T06:00:00+00:00,,,,,,,,,,,,timing
9215,0,,,2023-10-06T17:00:00+00:00,,,,,,,,,,,,timing
9298,0,,,2023-10-07T13:00:00+00:00,,,,,,,,,,,,timing
9207,0,,,2023-10-20T21:00:00+00:00,,,,,,,,,,,,timing
9294,0,,,2023-10-21T17:30:00+00:00,,,,,,,,,,,,timing
9177,0,,,2023-10-28T21:00:00+00:00,,,,,,,,,,,,timing
9304,0,,,2023-11-03T18:00:00+00:00,,,,,,,,,,,,timing
9308,0,,,2023-11-04T14:00:00+00:00,,,,,,,,,,,,timing
9314,0,,,2023-11-18T08:00:00+00:00,,,,,,,,,,,,timing
9193,0,,,2023-11-25T14:00:00+00:00,,,,,,,,,,,,timing
9468,0,,,2024-03-01T16:00:00+00:00,,,,,,,,,,,,timing
9476,0,,,2024-03-08T17:00:00+00:00,,,,,,,,,,,,timing
9484,0,,,2024-03-23T05:00:00+00:00,,,,,,,,,,,,timing
9492,0,,,2024-04-06T06:00:00+00:00,,,,,,,,,,,,timing
9668,0,,,2024-04-19T07:30:00+00:00,,,,,,,,,,,,timing
9664,0,,,2024-04-20T07:00:00+00:00,,,,,,,,,,,,timing
9502,0,,,2024-05-03T20:30:00+00:00,,,,,,,,,,,,timing
9498,0,,,2024-05-04T20:00:00+00:00,,,,,,,,,,,,timing
9511,0,,,2024-05-18T14:00:00+00:00,,,,,,,,,,,,timing
9519,0,,,2024-05-25T14:00:00+00:00,,,,,,,,,,,,timing
9527,0,,,2024-06-08T20:00:00+00:00,,,,,,,,,,,,timing
9535,0,,,2024-06-22T14:00:00+00:00,,,,,,,,,,,,timing
9545,0,,,2024-06-28T14:30:00+00:00,,,,,,,,,,,,timing
9541,0,,,2024-06-29T14:00:00+00:00,,,,,,,,,,,,timing
9554,0,,,2024-07-06T14:00:00+00:00,,,,,,,,,,,,timing
9562,0,,,2024-07-20T14:00:00+00:00,,,,,,,,,,,,timing
9570,0,,,2024-07-27T14:00:00+00:00,,,,,,,,,,,,timing
9578,0,,,2024-08-24T13:00:00+00:00,,,,,,,,,,,,timing
9586,0,,,2024-08-31T14:00:00+00:00,,,,,,,,,,,,timing
9594,0,,,2024-09-14T12:00:00+00:00,,,,,,,,,,,,timing
9602,0,,,2024-09-21T13:00:00+00:00,,,,,,,,,,,,timing
9612,0,,,2024-10-18T21:30:00+00:00,,,,,,,,,,,,timing
9608,0,,,2024-10-19T22:00:00+00:00,,,,,,,,,,,,timing
9621,0,,,2024-10-26T21:00:00+00:00,,,,,,,,,,,,timing
9631,0,,,2024-11-01T18:30:00+00:00,,,,,,,,,,,,timing
9627,0,,,2024-11-03T10:30:00+00:00,,,,,,,,,,,,timing
9640,0,,,2024-11-23T06:00:00+00:00,,,,,,,,,,,,timing
9650,0,,,2024-11-29T17:30:00+00:00,,,,,,,,,,,,timing
9646,0,,,2024-11-30T18:00:00+00:00,,,,,,,,,,,,timing
9658,0,,,2024-12-07T14:00:00+00:00,,,,,,,,,,,,timing
9689,0,,,2025-03-15T05:00:00+00:00,,,,,,,,,,,,timing
9989,0,,,2025-03-21T07:30:00+00:00,,,,,,,,,,,,timing
9994,0,,,2025-03-22T07:00:00+00:00,,,,,,,,,,,,timing
10002,0,,,2025-04-05T06:00:00+00:00,,,,,,,,,,,,timing
10010,0,,,2025-04-12T16:00:00+00:00,,,,,,,,,,,,timing
10018,0,,,2025-04-19T17:00:00+00:00,,,,,,,,,,,,timing
10024,0,,,2025-05-02T20:30:00+00:00,,,,,,,,,,,,timing
10029,0,,,2025-05-03T20:00:00+00:00,,,,,,,,,,,,timing
9983,0,,,2025-05-17T14:00:00+00:00,,,,,,,,,,,,timing
9975,0,,,2025-05-24T14:00:00+00:00,,,,,,,,,,,,timing
9967,0,,,2025-05-31T14:00:00+00:00,,,,,,,,,,,,timing
9959,0,,,2025-06-14T20:00:00+00:00,,,,,,,,,,,,timing
9951,0,,,2025-06-28T14:00:00+00:00,,,,,,,,,,,,timing
9943,0,,,2025-07-05T14:00:00+00:00,,,,,,,,,,,,timing
9930,0,,,2025-07-25T14:30:00+00:00,,,,,,,,,,,,timing
9935,0,,,2025-07-26T14:00:00+00:00,,,,,,,,,,,,timing
9924,0,,,2025-08-02T14:00:00+00:00,,,,,,,,,,,,timing
9916,0,,,2025-08-30T13:00:00+00:00,,,,,,,,,,,,timing
9908,0,,,2025-09-06T14:00:00+00:00,,,,,,,,,,,,timing
9900,0,,,2025-09-20T12:00:00+00:00,,,,,,,,,,,,timing
9892,0,,,2025-10-04T13:00:00+00:00,,,,,,,,,,,,timing
9879,0,,,2025-10-17T21:30:00+00:00,,,,,,,,,,,,timing
9884,0,,,2025-10-18T21:00:00+00:00,,,,,,,,,,,,timing
9873,0,,,2025-10-25T21:00:00+00:00,,,,,,,,,,,,timing
9860,0,,,2025-11-07T18:30:00+00:00,,,,,,,,,,,,timing
9865,0,,,2025-11-08T18:00:00+00:00,,,,,,,,,,,,timing
9854,0,,,2025-11-22T04:00:00+00:00,,,,,,,,,,,,timing
9841,0,,,2025-11-28T17:30:00+00:00,,,,,,,,,,,,timing
9846,0,,,2025-11-29T18:00:00+00:00,,,,,,,,,,,,timing
9835,0,,,2025-12-06T14:00:00+00:00,,,,,,,,,,,,timing
11230,0,,,2026-03-07T05:00:00+00:00,,,,,,,,,,,,timing
11236,0,,,2026-03-13T07:30:00+00:00,,,,,,,,,,,,timing
11241,0,,,2026-03-14T07:00:00+00:00,,,,,,,,,,,,timing
11249,0,,,2026-03-28T06:00:00+00:00,,,,,,,,,,,,timing
11271,0,,,2026-05-01T20:30:00+00:00,,,,,,,,,,,,timing
11276,0,,,2026-05-02T20:00:00+00:00,,,,,,,,,,,,timing
11282,0,,,2026-05-22T20:30:00+00:00,,,,,,,,,,,,timing
11287,0,,,2026-05-23T20:00:00+00:00,,,,,,,,,,,,timing
11295,0,,,2026-06-06T14:00:00+00:00,,,,,,,,,,,,timing
11303,0,,,2026-06-13T14:00:00+00:00,,,,,,,,,,,,timing
11311,0,,,2026-06-27T14:00:00+00:00,,,,,,,,,,,,timing
11317,0,,,2026-07-03T15:30:00+00:00,,,,,,,,,,,,timing
11322,0,,,2026-07-04T15:00:00+00:00,,,,,,,,,,,,timing
11330,0,,,2026-07-18T14:00:00+00:00,,,,,,,,,,,,timing
11338,0,,,2026-07-25T14:00:00+00:00,,,,,,,,,,,,timing
11344,0,,,2026-08-21T14:30:00+00:00,,,,,,,,,,,,timing
11349,0,,,2026-08-22T14:00:00+00:00,,,,,,,,,,,,timing
11357,0,,,2026-09-05T14:00:00+00:00,,,,,,,,,,,,timing
11365,0,,,2026-09-12T14:00:00+00:00,,,,,,,,,,,,timing
11373,0,,,2026-09-25T12:00:00+00:00,,,,,,,,,,,,timing
11730,1,Q1,2026-10-03 16:00,2026-10-03T08:00:00Z,,1791043200,29.0,32.5,76,7.2,323,1,,wet,6,forecast
11730,2,Q2,2026-10-03 16:25,2026-10-03T08:25:00Z,,1791044700,29.0,32.5,76,7.2,323,1,,wet,6,forecast
11379,1,SQ1,2026-10-09 20:30,2026-10-09T12:30:00Z,,1791577800,28.8,33.1,74,11.1,127,0,,dry,16,forecast
11379,2,SQ2,2026-10-09 20:49,2026-10-09T12:49:00Z,,1791578940,28.8,33.1,74,11.1,127,0,,dry,16,forecast
11379,3,SQ3,2026-10-09 21:06,2026-10-09T13:06:00Z,,1791579960,28.8,33.1,74,11.1,127,0,,dry,16,forecast
11384,1,Q1,2026-10-10 21:00,2026-10-10T13:00:00Z,,1791666000,29.2,33.5,69,5.1,172,0,,dry,19,forecast
11384,2,Q2,2026-10-10 21:25,2026-10-10T13:25:00Z,,1791667500,29.2,33.5,69,5.1,172,0,,dry,19,forecast
